time,dF,dRV
0.0,-0.002757665686234025,18.469448349027985
0.2505,-0.0027647263441982033,17.873269069047105
0.501,-0.0027184078291434197,17.065278905279683
0.7515,-0.0026351147345387333,16.2557933756892
1.002,-0.002506818369991986,15.577993564309052
1.2525,-0.0023404724984888593,15.026613036344699
1.503,-0.002133040173234552,14.625987529901906
1.7535,-0.0018822373325864882,14.424973204488076
2.004,-0.0016004752519032598,14.429933650936807
2.2545,-0.001315871050345975,14.580833053597157
2.505,-0.0010402266917724705,14.84458473644715
2.7555,-0.0007780467293324255,15.199698296506831
3.006,-0.0005324355028237359,15.61670129795405
3.2565,-0.00028048655178451254,16.09787083579734
3.507,7.286094894018284e-5,16.72823365766968
3.7575,0.000566149492387391,17.397516022272498
4.008,0.0011167571672723404,17.967304481092263
4.2585,0.001611742124724176,18.532375510770315
4.509,0.0020229623981914864,19.111821457514516
4.7595,0.0023355267083429313,19.68743067581277
5.01,0.0025382839375660935,20.24206178687173
5.2605,0.0026242391480234667,20.760096037682096
5.511,0.0025908200886530135,21.227631847826956
5.7615,0.002439984057962838,21.63243663553387
6.012,0.002178160721214984,21.963692448189633
6.2625,0.0018182360166347413,22.21737977134167
6.513,0.0013859354361442746,22.3986653657022
6.7635,0.0009426976611706418,22.304097145281006
7.014,0.00057370983784565,21.892187008486438
7.2645,0.0003101581527807419,21.452886747633332
7.515,7.343330138436356e-5,21.203003194545097
7.7655,-0.00017325676849666138,21.066396569582786
8.016,-0.00036305810850186383,21.297517701927774
8.2665,-0.000475327620840437,22.04476517934765
8.517,-0.0005333209401440758,23.116485834285744
8.7675,-0.0005815047415277759,24.28426795246605
9.018,-0.0006337909398132099,25.52219870819115
9.2685,-0.000702139728259834,26.777841997790595
9.519,-0.0007965773471591232,27.993750186943963
9.7695,-0.0008988753912704227,29.038650438677983
10.02,-0.0010056164649119262,29.829825248683164
10.2705,-0.0011173269126412222,30.401848588664873
10.521,-0.0012208752243710605,30.721523215065893
10.7715,-0.0013144035968607496,30.65787099144827
11.022,-0.001405136793900566,30.168040929170395
11.2725,-0.0015178433797840435,29.327136730885904
11.523,-0.0016717984404417878,28.222819633662382
11.7735,-0.001864139263482209,26.898677875403756
12.024,-0.002089953960796866,25.408562706208524
12.2745,-0.0023427162930407053,23.81404805104968
12.525,-0.002614506674689125,22.180611111881923
12.7755,-0.002879144402170358,20.64030216383911
13.026,-0.0031212037962052956,19.29912284514354
13.2765,-0.0033561808947316315,18.12055679056091
13.527,-0.0035762647556927757,17.13556689536884
13.7775,-0.003773025118973457,16.362844773740143
14.028,-0.00393568354143204,15.798676260240638
14.2785,-0.004033898259287122,15.370469099115132
14.529,-0.00404648667239212,15.004783079165708
14.7795,-0.003964212433714181,14.642223768532869
15.03,-0.0037780596217937145,14.214367246516531
15.2805,-0.0034994251044639735,13.696037916655232
15.531,-0.0031340019719927176,13.039116441076692
15.7815,-0.0026942772570317385,12.22556454047496
16.032,-0.0020995149396181565,11.300243989945965
16.2825,-0.0013136926702303326,10.391173421010848
16.533,-0.00043422774269002404,9.69703603653658
16.7835,0.0004281473991226839,9.191023471913903
17.034,0.0012272124898766367,8.834253150746974
17.2845,0.0019186980943258418,8.596381745712783
17.535,0.0024758068077098787,8.480878265341735
17.7855,0.0028785007835006792,8.497508301376426
18.036,0.0031124038204917493,8.656391584988095
18.2865,0.003169327932866793,8.966663758406014
18.537,0.00304758595943796,9.43485630644166
18.7875,0.002752078519996713,10.063127090444402
19.038,0.002299719176734836,10.866220494721436
19.2885,0.001769720438331055,12.068652885304287
19.539,0.001230533520302735,13.76365950242072
19.7895,0.0007307456715600581,15.71091925903685
20.04,0.00023093983355631717,17.583866325200987
20.2905,-0.0002899774822363125,19.389292071682355
20.541,-0.0007687960485568798,20.864422888435588
20.7915,-0.0011596055599908158,21.81780425714842
21.042,-0.0014701480180424943,22.365059049340008
21.2925,-0.0017814409864902502,22.797499347011218
21.543,-0.002111648311147409,23.098240338561038
21.7935,-0.0024530865184161405,23.256135522297413
22.044,-0.0027973210862769177,23.262381341801834
22.2945,-0.003125408226114945,23.13398005895428
22.545,-0.003405775793795061,22.930940672510527
22.7955,-0.0036262592497726303,22.684781647184888
23.046,-0.0037742638460621387,22.432006528374707
23.2965,-0.0038407266530973167,22.20552849932895
23.547,-0.003824791432789439,22.016027385285298
23.7975,-0.003702763287140208,21.837199554507997
24.048,-0.0034597008036713712,21.687869777644913
24.2985,-0.003116094412737804,21.656413037895533
24.549,-0.0027067971289576505,21.786169876811677
24.7995,-0.0022733406165322697,22.00013445440213
25.05,-0.0018396676983224512,22.256480795836385
25.3005,-0.0014127249964291093,22.52554552246664
25.551,-0.0010020278433846004,22.786296275644
25.8015,-0.0006286556291860783,23.065161984783998
26.052,-0.0002973487782976809,23.338009635612643
26.3025,2.9551564584362824e-6,23.539287957443765
26.553,0.0002612003336728108,23.66670896937413
26.8035,0.00045537585082381206,23.759395730177147
27.054,0.0005812665609849269,23.816220458082896
27.3045,0.0006384040771414148,23.833387297498575
27.555,0.0006317457105226019,23.813734306556572
27.8055,0.000593513210293147,23.823035234506122
28.056,0.0005466236353904207,23.920705087341886
28.3065,0.0005128132763387752,24.164116209523822
28.557,0.0006192263707328418,24.68130084996041
28.8075,0.0009106576293125994,25.398794850418874
29.058,0.0013054262409954087,26.20271409278526
29.3085,0.0016851735988199445,27.209389712244906
29.559,0.0020000893998255204,28.3739203029024
29.8095,0.002234566063164751,29.642823625551628
30.06,0.0023872208071255624,30.96531429931794
30.3105,0.002476249015516731,32.2394338648579
30.561,0.0025088154486758354,33.39078158554784
30.8115,0.0024771489073750004,34.36643583145764
31.062,0.0023680321653620938,35.19509881211729
31.3125,0.0021888961349066597,35.832787991469466
31.563,0.001952346416956477,36.227572759117834
31.8135,0.0017165300125165342,36.16948053854449
32.064,0.0015405212925477178,35.520083395723674
32.3145,0.0014511151942930452,34.554960047273106
32.565,0.0013737463917119427,33.50945625525627
32.8155,0.0012770229543120097,32.34004991680998
33.066,0.0012271255542074101,31.33399414809592
33.3165,0.001264711139229191,30.73869171260904
33.567,0.0013647334619222634,30.533283412252594
33.8175,0.0014712815772875499,30.57140093132856
34.068,0.001582449949576849,30.919224107963593
34.3185,0.0016671743103770233,31.56257208690815
34.569,0.0017122764791043968,32.457011520748374
34.8195,0.0016870753842173473,33.48296379839667
35.07,0.001577348183902026,34.55641113694106
35.3205,0.0013819109964210443,35.62145818474609
35.571,0.0011026620888929493,36.62305517548282
35.8215,0.000747794283411547,37.502088993410005
36.072,0.000346835352859633,38.159340241756574
36.3225,-7.629489075518508e-5,38.516521251605624
36.573,-0.0004908479328931756,38.48945074963562
36.8235,-0.0008686142891323845,38.01078592739067
37.074,-0.0012086500960757198,37.12914509773229
37.3245,-0.0014701748754596036,35.91235476704392
37.575,-0.0016502167684256533,34.450182649706846
37.8255,-0.0017633934803230032,32.768094797524306
38.076,-0.0018407873738521727,30.917964343401643
38.3265,-0.0019133287715536827,29.053264469588743
38.577,-0.001981533608343096,27.242155376511146
38.8275,-0.002041970405267395,25.533703103861868
39.078,-0.00209132658098616,23.966979513230086
39.3285,-0.002118556803226042,22.58877724134524
39.579,-0.002089057503988758,21.504833537691212
39.8295,-0.001991750387328086,20.772150548534455
40.08,-0.0018340064003784006,20.390016114101375
40.3305,-0.0016426821761786857,20.275627458057496
40.581,-0.0014360739592227,20.34405283877212
40.8315,-0.0012137898459732436,20.531724927936835
41.082,-0.0008900115326959078,20.766631589423618
41.3325,-0.00039783243778993764,21.087071103897657
41.583,0.00019612958022625763,21.53712833621752
41.8335,0.0007939396265514145,21.964033213508536
42.084,0.001380674586737676,22.257885234551477
42.3345,0.0019298617559055892,22.39447592252795
42.585,0.002414091963609875,22.367313221225196
42.8355,0.0028104556188697644,22.177297628932664
43.086,0.0030778183996445223,21.901773883729156
43.3365,0.0031963947767238883,21.58567744805446
43.587,0.003170631425281319,21.264322546582328
43.8375,0.0030416376526318,21.107570641441043
44.088,0.002811679661657406,21.0977696120714
44.3385,0.002527316495365169,21.408199434846825
44.589,0.0022183932929974366,22.101086553449296
44.8395,0.0018930261813077682,22.93783463246192
45.09,0.001522814826046265,23.81528258134021
45.3405,0.0010863865658962,24.80749309227828
45.591,0.0006497386547559885,25.67748133090749
45.8415,0.00025704472793736664,26.253829589187774
46.092,-0.00011452310691946097,26.61909127906376
46.3425,-0.0005094427314777151,26.954060662666254
46.593,-0.0009198185205502129,27.24481194770346
46.8435,-0.0013317951992746033,27.458418697140694
47.094,-0.0017138054258608365,27.514908347365434
47.3445,-0.002022868423777301,27.296761191056532
47.595,-0.0022386397510772635,26.739963548793966
47.8455,-0.0023689493809257865,25.861098587521894
48.096,-0.002422615471155864,24.68930091488946
48.3465,-0.0024336128812612033,23.33773980920888
48.597,-0.002411186395279453,21.855227434514326
48.8475,-0.00235606148452725,20.267291086155424
49.098,-0.0022699310856604815,18.602862535697696
49.3485,-0.0021554072600017595,16.893361410207596
49.599,-0.0020127956927915433,15.178454224201623
49.8495,-0.0018220051864666683,13.55082263623288
50.1,-0.0015521547020968937,12.1498945551792
50.3505,-0.0011894616299602428,11.10065710066595
50.601,-0.0007356752929142864,10.455589599206066
50.8515,-0.00017591276321443747,10.210338413903909
51.102,0.00046056256047873794,10.3222738161279
51.3525,0.001121012674388795,10.77478414259297
51.603,0.0017339061123806483,11.541589511162098
51.8535,0.002267705134585317,12.559914531687639
52.104,0.002708657242362565,13.790620622278869
52.3545,0.003046099779187538,15.187981335602109
52.605,0.003272790503904909,16.701550524839345
52.8555,0.0033910539052620058,18.219215334944543
53.106,0.003431945532278584,19.63516659559213
53.3565,0.003410467256607706,20.877186764653793
53.607,0.0034021097973629347,21.97693766267317
53.8575,0.0034467526828507638,22.948915821850903
54.108,0.0034669866972978666,23.741707268401584
54.3585,0.0034004383365768454,24.422521564983725
54.609,0.00325352730718064,24.980120655649976
54.8595,0.003032054194632371,25.416372915598856
55.11,0.0027509379787804596,25.829826782293956
55.3605,0.002418977994687238,26.309325551964218
55.611,0.002053541106034401,26.893916094884858
55.8615,0.0016737758455144885,27.611129127622725
56.112,0.0012857539055803697,28.450763802976738
56.3625,0.0008961872566919194,29.39603571318083
56.613,0.0004964502370747976,30.36204208005355
56.8635,0.00011723834346700091,31.165162176473572
57.114,-0.00018215221014802397,31.600229332752303
57.3645,-0.0003666729696557876,31.806588443338686
57.615,-0.00045665549151774375,31.922300731351143
57.8655,-0.0004800135053053303,31.82581546315098
58.116,-0.00040338769871326645,31.751859465795427
58.3665,-0.00022649301176958658,31.9116316154523
58.617,1.6387768049908697e-6,32.20041901997899
58.8675,0.0002266352830453081,32.424956923575365
59.118,0.0004354948666782379,32.54263247343698
59.3685,0.0006174753169709345,32.5185946272989
59.619,0.0007629454305037478,32.32220320050531
59.8695,0.000863699681009693,31.929463591448368
60.12,0.0009132232756510594,31.325037709857543
60.3705,0.0009068994119437472,30.50369763292596
60.621,0.0008465275388661209,29.481914598585195
60.8715,0.0007711975170387063,28.3867345082312
61.122,0.000689876089802011,27.299549131266744
61.3725,0.0005927020742826248,26.255217402353793
61.623,0.00045703125531361985,25.234930215156858
61.8735,0.0002667048966054857,24.21463517904938
62.124,2.6475520431072565e-5,23.226083614233932
62.3745,-0.00025665898263522524,22.300698540710783
62.625,-0.0005741127665005656,21.46608212451814
62.8755,-0.0009160110455359787,20.743995607628946
63.126,-0.0012715281448532733,20.14864252959567
63.3765,-0.0016274274978475564,19.681029599259254
63.627,-0.001937980310756547,19.250419263328737
63.8775,-0.0021567270651489225,18.741299098618505
64.128,-0.00223831147595608,18.083755238307273
64.3785,-0.002153333061773765,17.324715170935658
64.629,-0.0019314525522040132,16.609479416750595
64.8795,-0.0016278019325319947,15.994876859282694
65.13,-0.0013049310806971192,15.46700407388614
65.3805,-0.0009768944319429515,15.003461608985086
65.631,-0.0006515588149415994,14.584329364067155
65.8815,-0.0003357965335795388,14.185509617074937
66.132,2.470017975346678e-5,13.754833225417439
66.3825,0.0005013796960631192,13.384985960925468
66.633,0.0010342770701119778,13.262084887617862
66.8835,0.0015422876109323935,13.359659530195017
67.134,0.0019900996664569096,13.639833038953839
67.3845,0.002339918712205129,14.031704947746853
67.635,0.0025777565262571,14.516993088612935
67.8855,0.0027024232189665457,15.096737600183518
68.136,0.002732723766599342,15.812653000883127
68.3865,0.0026759416380027043,16.68426231281619
68.637,0.0025411462963727113,17.687335338883884
68.8875,0.0023436460680572374,18.729716111807278
69.138,0.0020797410686694343,19.71749491304608
69.3885,0.0017853936603360434,20.681761061055926
69.639,0.001512289320149247,21.779998184626812
69.8895,0.0012573162701743738,22.817782039442793
70.14,0.000995380637472569,23.66428434296173
70.3905,0.00070198920963583,24.474115765836054
70.641,0.0004399897934955643,25.102631361646786
70.8915,0.00026888678575965187,25.42500987101959
71.142,0.0001727169880534006,25.606758194794534
71.3925,0.00010965067560859845,25.843306510503094
71.643,6.854960611841912e-5,26.12881638931839
71.8935,2.553453376509941e-5,26.392713459727926
72.144,-2.4280180093211724e-5,26.60678685771308
72.3945,-7.903669356127438e-5,26.76075012281187
72.645,-0.00013684321994916933,26.84334299843003
72.8955,-0.00019584710284922628,26.84303596772941
73.146,-0.00025429827846937096,26.74879875685828
73.3965,-0.0003106009512370778,26.550884724868723
73.647,-0.0003633519752779834,26.24158055076797
73.8975,-0.0004113651457869175,25.815871313267017
74.148,-0.0004486824569657178,25.258510291509324
74.3985,-0.0004485994915060462,24.497613525400066
74.649,-0.0004005808421697802,23.502497055403577
74.8995,-0.0003166601592651904,22.310644430733355
75.15,-0.00022936198997183061,21.029449946492868
75.4005,-0.0001467061711271625,19.702740552029397
75.651,-7.135429954277213e-5,18.36112066954115
75.9015,-5.519937321129078e-6,17.035014372877267
76.152,4.886676636417606e-5,15.724593755283411
76.4025,9.189412503029452e-5,14.468988379831618
76.653,0.00012343024767480374,13.30732674722205
76.9035,0.00014358841978866232,12.256450345153073
77.154,0.0001683661383546399,11.363865926243
77.4045,0.0002448805953478605,10.762283603600112
77.655,0.0004302669256582922,10.572803975933953
77.9055,0.0007411359780124709,10.766075878504974
78.156,0.0011291297350799492,11.193749228190974
78.4065,0.0015364511248906131,11.722358655090895
78.657,0.0019635908013232975,12.41762806762546
78.9075,0.0024661766583053703,13.243419609905466
79.158,0.002964744636075005,14.117781917025164
79.4085,0.0033847319032619064,15.075031331649223
79.659,0.003711545944481057,16.079943087968203
79.9095,0.003935876166179478,17.090617544283102
80.16,0.0040670973094713075,18.024919040881382
80.4105,0.004108344535509769,18.826879723876832
80.661,0.004039180250317145,19.523268090112936
80.9115,0.0038545552594988356,20.118183074571046
81.162,0.0035605063300963775,20.620251010336936
81.4125,0.003168966194771241,20.999928072204302
81.663,0.0026929183971384726,21.252269031856013
81.9135,0.0021663177379323173,21.322001190707535
82.164,0.0016573179738334505,21.0428285093109
82.4145,0.001178388616103646,20.61762664621901
82.665,0.0007346267686908453,20.287157391685
82.9155,0.00030527818058886426,20.049688803392456
83.166,-5.18932593899427e-5,20.103437174866215
83.4165,-0.0002967101893878929,20.65428016739954
83.667,-0.00047901184410920105,21.56087059027206
83.9175,-0.0006292876035222959,22.56069625649697
84.168,-0.0007370420349965877,23.567597941556812
84.4185,-0.0007956154210576895,24.506024596647716
84.669,-0.0008044890672073588,25.31006631660202
84.9195,-0.0007609695319848724,25.90078248620956
85.17,-0.0006740144325811606,26.233064913481414
85.4205,-0.0005749578069623938,26.33412242422765
85.671,-0.00048572970640933566,26.220539699294246
85.9215,-0.00040690632793843895,25.861850152743372
86.172,-0.00032848330727538576,25.208911214894364
86.4225,-0.0002645988833209157,24.29376177492437
86.673,-0.0002218872811863954,23.144200649984118
86.9235,-0.00020206459087637697,21.788359896724934
87.174,-0.00020595714308296962,20.26462145178747
87.4245,-0.00023349502222252337,18.619614332159045
87.675,-0.00027571135226167875,16.926838585147436
87.9255,-0.0003059105586231482,15.319481787432037
88.176,-0.0003222102717627272,13.876999668958348
88.4265,-0.0003461037495852663,12.595854641501521
88.677,-0.0003880016004740106,11.480817060634225
88.9275,-0.00044593190650807645,10.561105443346118
89.178,-0.0005173171353782274,9.855076389818018
89.4285,-0.0005990704801405311,9.369242184358221
89.679,-0.000687697849225068,9.097982448809024
89.9295,-0.0007794100221487747,9.023940602848734
90.18,-0.0008702415391507888,9.119080023012877
90.4305,-0.0009561727862702382,9.346336333959755
90.681,-0.0010259288557312818,9.64296070571606
90.9315,-0.001041677316290631,9.868675952875734
91.182,-0.0009056882199745212,9.867123255629748
91.4325,-0.0005101229999705818,9.688297608044891
91.683,1.329265123709971e-5,9.578576722430661
91.9335,0.0005504752660406039,9.616363147248755
92.184,0.0010560851969100078,9.73175710488805
92.4345,0.001503550201801948,9.887685714913488
92.685,0.0018787564187582968,10.079127442872748
92.9355,0.002170267115866984,10.30298080090423
93.186,0.002369681114431088,10.557893996228959
93.4365,0.0024718852304795105,10.843833030610137
93.687,0.002476145835953783,11.164118155704454
93.9375,0.002383441836087944,11.517569899444133
94.188,0.00219685925690311,11.897062523296757
94.4385,0.001930642582724327,12.320746186821673
94.689,0.0016242562392337105,12.904517248145353
94.9395,0.001267091029532656,13.547975325211219
95.19,0.0008757821974633848,14.155527426527069
95.4405,0.00044987957490132016,14.759208390639674
95.691,3.260438742620493e-5,15.22986853804743
95.9415,-0.0003192043226525385,15.394644133756774
96.192,-0.0006137241515068536,15.339223714775446
96.4425,-0.0008840991010501784,15.17521734559375
96.693,-0.0011116847593540453,14.872074581647917
96.9435,-0.0012824791787133863,14.406537162406952
97.194,-0.0013975506906423764,13.826413245254379
97.4445,-0.0014462833232488015,13.270480256627923
97.695,-0.0014194234717285895,12.796280728463037
97.9455,-0.0013133615696226206,12.441517976566715
98.196,-0.0011196631501987154,12.260342702429522
98.4465,-0.0008517257368557904,12.241893110953837
98.697,-0.0005228130828481477,12.38976202776325
98.9475,-0.00016293462912804642,12.649135861767338
99.198,0.00020676213001848012,12.969859446234334
99.4485,0.000601664365290437,13.411293507039936
99.699,0.0010130615765854658,13.984750553676722
99.9495,0.0014083886820008046,14.624312686970427
100.2,0.0017631172987670717,15.270557753427415
100.4505,0.0020668506660900003,15.902861952513337
100.701,0.002310798002691115,16.50342084645564
100.9515,0.002488016535174939,17.057787866850383
101.202,0.0026012374604057185,17.534328245176315
101.4525,0.002666498658173778,17.87126531177153
101.703,0.00267420487588627,18.087095369956494
101.9535,0.002606203611686072,18.24020874018889
102.204,0.002464551870753531,18.342756613689435
102.4545,0.002254753162620066,18.40516977214077
102.705,0.0019845596537191464,18.437895602095203
102.9555,0.0016637323923318912,18.45018996595931
103.206,0.0013037338845948523,18.448990953114766
103.4565,0.0009173625707211003,18.43795554490022
103.707,0.0005399037685107809,18.45265442303509
103.9575,0.00025293470771351335,18.50918956860536
104.208,1.2295294647301082e-5,18.59306390621498
104.4585,-0.00016378936923580883,18.835341353825417
104.709,-0.00022193832712015255,19.287577965824838
104.9595,-0.00015187521396436943,19.864367400773993
105.21,2.4325739676545662e-6,20.37878889539056
105.4605,0.00021559838915834282,20.75305429242212
105.711,0.0004528950492292391,21.027646997456092
105.9615,0.0006897467506221595,21.221404658404925
106.212,0.0009194739909431536,21.30589699252353
106.4625,0.001135720462441902,21.256481404117373
106.713,0.0013325287386733056,21.054214288971608
106.9635,0.0015049070593525136,20.685607484974092
107.214,0.0016573198206167531,20.111481713011774
107.4645,0.0017758796002014742,19.373436007257347
107.715,0.0018571209909483927,18.50048323473319
107.9655,0.001896024784378916,17.50631912731792
108.216,0.0019156658797600506,16.510316743471495
108.4665,0.0019513598143465704,15.720658841048715
108.717,0.0019631893695576707,15.067565098482193
108.9675,0.0019234918024909644,14.479934734110937
109.218,0.0018305190553000125,13.974429206194152
109.4685,0.0016854551899128322,13.576208818575417
109.719,0.0014889338437283947,13.28435335066646
109.9695,0.0012442040012690236,13.101770593958056
110.22,0.0009722462482631108,13.068015814414878
110.4705,0.0006903850216830611,13.219306666774497
110.721,0.00040374301324276,13.51276950591936
110.9715,0.00012787312138937904,13.810250184946874
111.222,-0.00012117309428526636,14.039021338839058
111.4725,-0.0003353435216803345,14.16179782877651
111.723,-0.0005057833581093413,14.146175504560013
111.9735,-0.0006392729098704395,14.003841926556703
112.224,-0.0007327625026931548,13.71856822873001
112.4745,-0.0007950480589765364,13.310912663444727
112.725,-0.0008212809447340128,12.77077940419182
112.9755,-0.0007961206269779882,12.055286222582271
113.226,-0.0007205712624900785,11.167472032267593
113.4765,-0.0006218049267051497,10.192155308770154
113.727,-0.0005234319576369489,9.212297433078518
113.9775,-0.00042803038231939037,8.250972029179845
114.228,-0.00033771535014201807,7.3289270925200665
114.4785,-0.0002543940111500939,6.464586737435084
114.729,-0.0001739476706549948,5.689556434897689
114.9795,-8.87094264462832e-5,5.047781565494139
115.23,-1.398813069201899e-5,4.511453689673287
115.4805,4.668456104571576e-5,4.075205752674418
115.731,9.253240708550971e-5,3.735850309920523
115.9815,0.00012328581720396405,3.486393194539991
116.232,0.00015051420339650168,3.2931630315389917
116.4825,0.00023326151547411013,3.156194630869902
116.733,0.00031850741020197535,3.1148954490159015
116.9835,0.0003788895820125535,3.1501750888935542
117.234,0.00041193660595627545,3.251402330971476
117.4845,0.0004163150129045265,3.4069655726072585
117.735,0.0003953919550056909,3.595417286424098
117.9855,0.0003920424781157267,3.6916283850321445
118.236,0.00045466539049826766,3.6613123409279487
118.4865,0.0005861313337171422,3.633305781475321
118.737,0.0007460733961133434,3.7625669690351375
118.9875,0.0009112450662599368,4.08650198503
119.238,0.0010527208539612024,4.542325457531901
119.4885,0.0011543841536068794,5.0802831178354015
119.739,0.0012156143035123718,5.688202350426485
119.9895,0.001237171375461878,6.3502959937212715
120.24,0.0012210679724746199,7.047409712181526
120.4905,0.0011704524926484457,7.757639077077448
120.741,0.0011047035667165368,8.400143565374048
120.9915,0.0010651271146515325,8.807898809159152
121.242,0.001020534622956204,9.088575410686076
121.4925,0.0009512883204227719,9.318566192532437
121.743,0.0008595360431845871,9.496593632333639
121.9935,0.0007479890628679182,9.622725061031238
122.244,0.0006198462007971364,9.698225737344258
122.4945,0.00047870763160337847,9.725366557955562
122.745,0.0003284805068700452,9.707195662515119
122.9955,0.00017327863731364686,9.647284721035966
123.246,1.7318535766390236e-5,9.549461957705926
123.4965,-0.00013518585502484093,9.417544891933629
123.747,-0.00027351706710260416,9.237941033072502
123.9975,-0.00037669363504375596,8.966255884467166
124.248,-0.0004405794620011175,8.624088754576972
124.4985,-0.0004525307093804845,8.344847709846142
124.749,-0.0004018515476502385,8.198436813235508
124.9995,-0.0002896723276341447,8.208829396746745
125.25,-0.000123336575717441,8.382840357068782
125.5005,9.101795790804584e-5,8.715742576231886
125.751,0.0003504378682609927,9.20491107223048
126.0015,0.0006737809933409031,9.825761006271804
126.252,0.001049676229888133,10.611074287988247
126.5025,0.0014566905970630963,11.599232165033836
126.753,0.0018717882802439184,12.760096215735569
127.0035,0.002253690675697336,13.98301686472398
127.254,0.002581510903248437,15.199275242289515
127.5045,0.0028467485410521515,16.374321117418987
127.755,0.003042825392325844,17.47648975729157
128.0055,0.0031652564467560605,18.478314859562605
128.256,0.0032117570745286445,19.35755769755125
128.5065,0.0031822840782376443,20.097905235187074
128.757,0.003084313247976911,20.707153134843388
129.0075,0.002960413839379135,21.258463582921912
129.258,0.002781090526228403,21.71417770002256
129.5085,0.00253947746144665,22.055581289041495
129.759,0.0022425569115961134,22.28774364400116
130.0095,0.0018989871258304877,22.417501580125048
130.26,0.0015188378762991956,22.452619451215973
130.5105,0.0011132821577607046,22.400942074033047
130.761,0.0006942535041612452,22.269597433611402
131.0115,0.000274079471129787,22.06430292252447
131.262,-0.00012890731842308796,21.804825498016143
131.5125,-0.00046297944996102696,21.607165028385673
131.763,-0.0006911836217854379,21.49040623533519
132.0135,-0.0008073193245412518,21.33290588738929
132.264,-0.0008249579160806855,21.032341308280607
132.5145,-0.00075666970541613,20.56195605591157
132.765,-0.0006334269754563639,19.990117381063428
133.0155,-0.00047533536596217356,19.357285626527066
133.266,-0.0002767466118224805,18.698614125651595
133.5165,-1.009473933964299e-5,18.1604046420054
133.767,0.0002844012897813685,17.646480064706058
134.0175,0.0005820184050409808,17.09363680728135
134.268,0.0008720206197234922,16.492095479533063
134.5185,0.0011439876058974723,15.83464762357897
134.769,0.001388142805469764,15.117706281629594
135.0195,0.0015956593302282889,14.342090933227338
135.27,0.0017589341987480915,13.5134890838259
135.5205,0.001871822513979604,12.642557385996708
135.771,0.0019298244983582493,11.74464826956516
136.0215,0.0019302198301291052,10.839172246274927
136.272,0.0018721454156005268,9.948629858471822
136.5225,0.0017566145326832136,9.097369191061965
136.773,0.0015864771337527764,8.310143592396757
137.0235,0.0013663229417848746,7.610558566966249
137.274,0.0011035019013788882,7.022420785805717
137.5245,0.0008201792209171639,6.602964333626177
137.775,0.0005267128280359817,6.375925191846339
138.0255,0.00023494174839982474,6.259026567004625
138.276,-2.9078117378921343e-5,6.185139912246454
138.5265,-0.0002535159617786087,6.126370068386376
138.777,-0.0004404096633957358,6.088947721894208
139.0275,-0.0005873899235671713,6.082738186068689
139.278,-0.00065799064819298,6.135301430051509
139.5285,-0.0006181449402732147,6.234256776047166
139.779,-0.00048559112295513073,6.317895584245608
140.0295,-0.0002911427339093324,6.311406140287674
140.28,-6.226787428064763e-5,6.251072646868378
140.5305,0.00016726843116071687,6.202158338438268
140.781,0.00038863976241204764,6.159895880289207
141.0315,0.0005945323594542407,6.116674196060959
141.282,0.0007798730213609521,6.059907068407078
141.5325,0.0009588322602095599,5.908172287540259
141.783,0.00110786778878421,5.726585448747289
142.0335,0.0012151747431112844,5.546709222117802
142.284,0.001276626229992333,5.3789710370688155
142.5345,0.0012897298837295803,5.235020225735618
142.785,0.0012537376402954794,5.1267929181280225
143.0355,0.0011696953899611579,5.06547823882084
143.286,0.0010499788613548364,5.034386767223053
143.5365,0.0009162905375034085,4.989399987234369
143.787,0.0007627859016427351,4.96214126227537
144.0375,0.0005841010636110886,4.986963515257919
144.288,0.00038663473223981133,5.065055257546442
144.5385,0.0001775174453044309,5.193508947830438
144.789,-2.731202508720709e-5,5.341798564166706
145.0395,-0.0001957127363068832,5.429305471882795
145.29,-0.0003018736916456718,5.47380485422679
145.5405,-0.00032194979278737636,5.565989698618014
145.791,-0.00026718414124873873,5.777221891953006
146.0415,-0.0001258356236786841,6.008890789159852
146.292,4.7698467758506234e-5,6.277283380085177
146.5425,0.00022682902754526474,6.5722895630212115
146.793,0.00040663841746197153,6.879988875795147
147.0435,0.0005821848692615857,7.185637862595909
147.294,0.0007486372483502927,7.474533053964293
147.5445,0.0009014113621172753,7.732871154768191
147.795,0.0010362995197396255,7.948543194676969
148.0455,0.0011495896877540609,8.11181758324874
148.296,0.001238170869642432,8.215873490386237
148.5465,0.0012996217166092127,8.257154603980267
148.797,0.0013322798403680744,8.235523627159258
149.0475,0.001335289834432395,8.15420930086465
149.298,0.0013086286034263129,8.019549643194688
149.5485,0.0012531072339371655,7.840546825395529
149.799,0.001170349297865483,7.628260002326207
150.0495,0.0010627461418211675,7.395071871646214
150.3,0.0009333903653583612,7.1538722158120365
150.5505,0.0007859893085496919,6.917206754745168
150.801,0.000624760938147199,6.696442005321117
151.0515,0.0004590384256656009,6.488538661927131
151.302,0.0003010014293470019,6.279294868976876
151.5525,0.0001550668229519142,6.129837351669963
151.803,4.875582909895805e-5,6.120695322773717
152.0535,-1.1587054599375066e-5,6.282220147792201
152.304,-3.5983740994637026e-5,6.592637346873627
152.5545,-1.2461895798146288e-5,6.970595808155878
152.805,9.77914227083784e-5,7.377908388338233
153.0555,0.00031822980010479893,7.856549492180825
153.306,0.0006174703851891995,8.443231892893422
153.5565,0.0009427418420898002,9.1629669543763
153.807,0.0012570706350351383,9.92802326586547
154.0575,0.0015564160259366809,10.738469501520429
154.308,0.0018232310608298137,11.540678079295132
154.5585,0.002046976205883877,12.298088077852476
154.809,0.0022213433311066427,12.987649551777785
155.0595,0.002341592055739585,13.590453302384251
155.31,0.002404678344344118,14.09249803857345
155.5605,0.00240932938952105,14.485131335957618
155.811,0.002356063049495868,14.76514906471511
156.0615,0.002247151853344586,14.934558755808887
156.312,0.0020873787555329214,15.001972868656852
156.5625,0.001907072556414557,15.041375195123528
156.813,0.0017360575481362027,15.148596898234766
157.0635,0.001581460699723939,15.374143998493247
157.314,0.0014363299439298276,15.723227630405976
157.5645,0.0012761986840877481,16.123714721118144
157.815,0.0010956583911637156,16.539561022764733
158.0655,0.0009007172792935944,16.963480040830785
158.316,0.0007093979129220302,17.42007483330376
158.5665,0.0005535204285443367,17.998809180813545
158.817,0.000441824662508109,18.631064429998595
159.0675,0.00039557990950917605,19.210115317033154
159.318,0.00040487453836308203,19.626018351411734
159.5685,0.0004593720350842015,19.84563650164291
159.819,0.0005287665661080116,19.924314295953174
160.0695,0.0005977554053383678,19.88374424030888
160.32,0.0006642930307511818,19.712366277891498
160.5705,0.0007264157050547019,19.40279614920123
160.821,0.000782291665835615,18.952453714230657
161.0715,0.0008302667131773541,18.3639248599235
161.322,0.000868904075827888,17.645036949686045
161.5725,0.0008970176796052069,16.808644491591537
161.823,0.0009136981532415978,15.87213848364083
162.0735,0.0009183311269004632,14.856708625919197
162.324,0.0009106076002248088,13.786401371209566
162.5745,0.0008905263734514207,12.687027850038614
162.825,0.0008583887408558045,11.584983460319219
163.0755,0.0008147858353386246,10.506044969142845
163.326,0.0007605791819390222,9.474211173164711
163.5765,0.0006968751630361407,8.510649572638238
163.827,0.0006249942165572788,7.632804421291258
164.0775,0.0005464356792335162,6.853711407802792
164.328,0.00046283924939703725,6.181551757718483
164.5785,0.0003759675081688408,5.619525504261253
164.829,0.0002887114074174423,5.1689300387663835
165.0795,0.0002039843388950328,4.812139072224092
165.33,0.00014523113465171833,4.478765642706201
165.5805,0.00012316335966847857,4.1248939413471115
165.831,0.00013908187290574984,3.780312999806722
166.0815,0.00020945422935467593,3.5943246923008765
166.332,0.00036059559578422785,3.5654485901162767
166.5825,0.0006086866959613235,3.624831878711907
166.833,0.0009150062084202097,3.7335376432853025
167.0835,0.001213556620730378,3.8995624251012826
167.334,0.0014780038591929803,4.155352227916826
167.5845,0.0017002845578555255,4.492086062784445
167.835,0.0018702600767785736,4.881706161769247
168.0855,0.0019819007634701608,5.301998776333052
168.336,0.0020349302210666397,5.7716331943625905
168.5865,0.0020280414199783034,6.2776280204532835
168.837,0.0019637314323595035,6.794365060847235
169.0875,0.0018452005120486396,7.310906192287116
169.338,0.0016773199870433705,7.816815689441555
169.5885,0.0014664420640490034,8.302172031535518
169.839,0.0012201653222925232,8.75756084774353
170.0895,0.000955694147599367,9.151011830099902
170.34,0.0007051153994966665,9.408787302307482
170.5905,0.00048098197874878006,9.507309606535069
170.841,0.0002712101583046363,9.49603868964487
171.0915,6.995648754650792e-5,9.407460942461647
171.342,-0.00012323081463894514,9.271747564449765
171.5925,-0.0003035045673809918,9.098548248961798
171.843,-0.0004638559253987964,8.887637840215934
172.0935,-0.0005990154487999892,8.641016663113415
172.344,-0.0006772732069513377,8.339707618072685
172.5945,-0.0006663071217503831,8.06050963237742
172.845,-0.0005792760351880654,7.89737720578749
173.0955,-0.00043143824095558147,7.86125783912651
173.346,-0.00025313756666502454,7.883874481037264
173.5965,-5.956580691269782e-5,7.92745206852988
173.847,0.0001432441612503378,7.980807669021658
174.0975,0.00034897755940533704,8.032092837706312
174.348,0.0005512405018036369,8.06968991584023
174.5985,0.0007437647818170555,8.083059582589511
174.849,0.0009206080753438744,8.063488078809662
175.0995,0.0010763431501169362,8.004689642290867
175.35,0.0012062300396225556,7.903229300089217
175.6005,0.0013063657030773545,7.758742665193543
175.851,0.0013738064300598536,7.573942092686302
176.1015,0.001407851875064281,7.350874537908877
176.352,0.0014195546774564945,7.061194038388396
176.6025,0.0014000672110351512,6.74066358172405
176.853,0.0013466678175817971,6.413373491565045
177.1035,0.0012611429546287242,6.093805075696176
177.354,0.0011462542066394358,5.7961802274845375
177.6045,0.0010094506711162154,5.544239205181241
177.855,0.0008702595166295256,5.397975377047358
178.1055,0.0007364818994596855,5.379354022940503
178.356,0.0006147491273353805,5.509153109686617
178.6065,0.0004948736909559505,5.756507943480568
178.857,0.0003898655882403471,6.138691346508298
179.1075,0.00032142408457377274,6.688630936922503
179.358,0.00029592701763821703,7.347755284679845
179.6085,0.00031878517941853486,7.970655996977074
179.859,0.00041469566751058085,8.540679856224969
180.1095,0.0006030174183898342,9.14069967405795
180.36,0.000828773470913903,9.819450986316353
180.6105,0.0010429693679492084,10.527811080803403
180.861,0.0012366586832158145,11.232033167477383
181.1115,0.0014111085250835672,11.890071791055938
181.362,0.0015555099982626167,12.49792191601063
181.6125,0.0016648798814937024,13.041393734562195
181.863,0.0017360149151865974,13.507846636827232
182.1135,0.0017669509013244528,13.888448733816581
182.364,0.0017570275378566472,14.17837743038071
182.6145,0.0017069104773550989,14.376767229353662
182.865,0.0016186114253170627,14.487756252522054
183.1155,0.0014968669436013528,14.613003718669745
183.366,0.0013416972830444377,14.661005163684152
183.6165,0.001159040781091532,14.640764532597736
183.867,0.0009653477309661038,14.589786839024256
184.1175,0.000765482385101938,14.51735671038759
184.368,0.0005565271733597778,14.402049303246368
184.6185,0.00034614494473318713,14.247330340606146
184.869,0.000142300620493674,14.055194303986264
185.1195,-4.719720723636705e-5,13.8253847344479
185.37,-0.00021498172533742033,13.555306181226154
185.6205,-0.00035379300255324584,13.241689101191835
185.871,-0.0004379510911467563,12.89732501998096
186.1215,-0.00043577781243407773,12.460881740351503
186.372,-0.00034693618990745006,11.864158513450969
186.6225,-0.00017814688755361148,11.114762005613803
186.873,3.709178424699425e-5,10.289003912110381
187.1235,0.00028220729719442465,9.423443804713791
187.374,0.0005496211643771902,8.527147183654858
187.6245,0.0008354512409889238,7.685801128597658
187.875,0.0011230460969413956,6.840215310224492
188.1255,0.0014019791787795032,6.000200630409315
188.376,0.0016619390743038143,5.179126668162777
188.6265,0.0018929520975297664,4.392084068875947
188.877,0.0020857399072603837,3.655602483530822
189.1275,0.002232060307576213,2.9871873870037176
189.378,0.002334797907169413,2.4337767676876463
189.6285,0.002406882522201888,2.0803803468421425
189.879,0.0024260357604336553,1.901794002769169
190.1295,0.0023798920990785845,1.8808686262894319
190.38,0.0022674748752300913,2.0237183202278857
190.6305,0.0020900181204784388,2.3314589345077543
190.881,0.0018584438751455237,2.778794589405985
191.1315,0.001602523410435108,3.28383293710084
191.382,0.001334422381906303,3.8117346373197005
191.6325,0.001067870209732679,4.335081994980191
191.883,0.0008341881459323423,4.76839146013013
192.1335,0.0006390900998706994,5.086175674307594
192.384,0.0004529698897182556,5.365105526782262
192.6345,0.0002772655935884517,5.607348483127577
192.885,0.00013524763893018362,5.860513375499899
193.1355,3.8287627869801365e-5,6.24685301425698
193.386,-5.47835603003521e-6,6.775940292546313
193.6365,1.5205525615361417e-5,7.330724600518691
193.887,8.148539715668748e-5,7.798327783795978
194.1375,0.00018759031323800813,8.188436260849656
194.388,0.00033746194357054093,8.610942203237922
194.6385,0.000514050233503621,9.112106558965351
194.889,0.0006903729959447553,9.624735966730977
195.1395,0.0008546586502826453,10.114826128655515
195.39,0.0010021226781493538,10.568894886854075
195.6405,0.001128332075155487,10.974922176467718
195.891,0.001229340011008832,11.322988040277515
196.1415,0.001301811241072484,11.605782998718093
196.392,0.0013431342896840352,11.818959458338782
196.6425,0.0013515166567125065,11.961301912617404
196.893,0.0013260596545509183,12.034704213461588
197.1435,0.0012668099572847114,12.043953584735442
197.394,0.0011747855272807365,11.99633266389424
197.6445,0.0010519742630845648,11.901062021774042
197.895,0.000901304468859994,11.768615663636913
198.1455,0.0007265870589662028,11.609950347086688
198.396,0.0005324302582967837,11.435695641293263
198.6465,0.00032412841437580236,11.255355092503246
198.897,0.00010752737431538018,11.076569392552813
199.1475,-0.00011112985159128535,10.90448872855827
199.398,-0.0003028126852465181,10.71147203227277
199.6485,-0.000400242739380154,10.47611765299571
199.899,-0.0003931634797780609,10.236510864471546
200.1495,-0.0003031834488670499,10.02328736452898
200.4,-0.00018726354786531107,9.858891989187363
200.6505,-5.994212059938606e-5,9.730366897377785
200.901,7.531653045758798e-5,9.632091689908252
201.1515,0.00021485449205103924,9.555977540262532
201.402,0.00035492705995007734,9.492074731179896
201.6525,0.0004918108275525238,9.429271252226616
201.903,0.0006219099120131416,9.356043451071498
202.1535,0.000741857283572913,9.261217239780624
202.404,0.0008494278709574672,9.13249520766156
202.6545,0.0009680042210953306,8.91658584272368
202.905,0.0011120804931980433,8.56584612021248
203.1555,0.0012787860734014456,8.208191514922103
203.406,0.0014539533463535843,7.946913896076309
203.6565,0.0016108675909760166,7.74522018114255
203.907,0.0017370603936062764,7.595715700836365
204.1575,0.0018365956615564263,7.533647397560995
204.408,0.0019371709468187551,7.667021105518755
204.6585,0.002040763347283269,8.052572665800273
204.909,0.0021332620828731453,8.68902949819342
205.1595,0.0022361760247148737,9.627638454792756
205.41,0.0023739407934254405,10.966783630424054
205.6605,0.0025408402049711394,12.74161438104607
205.911,0.0027086512411394707,14.908658818971151
206.1615,0.002832724173163125,17.32602661305584
206.412,0.0029138018939516173,19.84921962087195
206.6625,0.0029561038446076155,22.327275765923638
206.913,0.0029542540921060068,24.677653492212116
207.1635,0.002908355136411551,26.958649462428326
207.414,0.002844690950162693,29.277314703476225
207.6645,0.0027824840119486235,31.502385675705543
207.915,0.0027217587497344016,33.512902703610024
208.1655,0.0026388627961428015,35.209741641145
208.416,0.0025065592938322595,36.64170730961018
208.6665,0.0023198179278754055,37.823805579622324
208.917,0.002087149095468202,38.743286323729365
209.1675,0.0018184855029642316,39.393235715332096
209.418,0.0015248156733403228,39.77208652299082
209.6685,0.0012177849342147335,39.882978103218385
209.919,0.0009102486490145542,39.73548050324345
210.1695,0.0006296281804198345,39.38408741364344
210.42,0.000390601020479335,38.864809253644175
210.6705,0.00018699607047715968,38.15546220581306
210.921,2.378914342208348e-5,37.26356024942969
211.1715,-9.320424017838635e-5,36.203527998301034
211.422,-0.00016004748174348502,34.98953244476817
211.6725,-0.0001748024791545619,33.635496208972974
211.923,-0.00013757534031187934,32.1552744486362
212.1735,-5.048720319385106e-5,30.562957478464327
212.424,8.242820657236539e-5,28.873250743326224
212.6745,0.0002603533067930144,27.114284288992177
212.925,0.0005125455168551831,25.388004246123675
213.1755,0.000866840297554789,23.718218966580594
213.426,0.0013131117065034825,22.093228499917874
213.6765,0.0018025393073138871,20.476998198485266
213.927,0.0022733310893817945,18.90736698174232
214.1775,0.0027012031623662443,17.425742983986602
214.428,0.003071280735202932,16.052016911562752
214.6785,0.003370746198872457,14.804737071436037
214.929,0.003589275063153436,13.70042294048655
215.1795,0.003719947614193968,12.756054025842701
215.43,0.003760397448517648,11.9826761944318
215.6805,0.0037395616417968,11.319516919177932
215.931,0.0037122241327965716,10.796538676200523
216.1815,0.0036943245187379807,10.408802475454277
216.432,0.0036619390427507603,10.12780400195065
216.6825,0.003596362529050612,9.897115223679712
216.933,0.0034918545288752352,9.72361745126722
217.1835,0.003316624747339205,9.703011589145177
217.434,0.003069961844802155,9.846921485118541
217.6845,0.0027904568488340722,10.052453781703562
217.935,0.002503344484615688,10.244273307699444
218.1855,0.002217381217515938,10.392032535271026
218.436,0.0019172734625343317,10.540592940479485
218.6865,0.0015951234044228957,10.728392658727449
218.937,0.0013031613774765187,10.82435928912972
219.1875,0.0010670217448771069,10.75252148670774
219.438,0.0008839905132243473,10.511475026847483
219.6885,0.0007105259334686831,10.229430587588022
219.939,0.0005595280018668672,10.055529561284313
220.1895,0.0004613071699136179,10.101774479858811
220.44,0.00039719882254220197,10.313236226422998
220.6905,0.00036886678980251216,10.517847880594228
220.941,0.0004255636676401216,10.705743040301414
221.1915,0.0005804559719318838,10.96001505364124
221.442,0.0008254728100817092,11.40148450388897
221.6925,0.0011051487131828238,12.10365177340206
221.943,0.0013616064480465712,12.93593607032156
222.1935,0.0015793190547022788,13.853621020335407
222.444,0.0017509247427565555,14.830153836425932
222.6945,0.001870594900128695,15.836756478513898
222.945,0.0019342267554747334,16.843611209547554
223.1955,0.0019395981273294483,17.820993690902924
223.446,0.001898543977880572,18.70880397129206
223.6965,0.0018355989395041352,19.4159156565867
223.947,0.001758206182386107,19.900404022811962
224.1975,0.0016620417290001445,20.20483729638881
224.448,0.0015413743430301406,20.439502425478604
224.6985,0.0013851740714562655,20.5796879250567
224.949,0.0011968508792064047,20.63098574732629
225.1995,0.000986065931701247,20.631535032831927
225.45,0.0007609742456968007,20.581283404365447
225.7005,0.000544228849894427,20.538438414073468
225.951,0.0003358655042729003,20.50766917650088
226.2015,0.00013270105090688682,20.448927313102637
226.452,-3.3240297064957296e-5,20.30043675118209
226.7025,-0.0001252613897528847,20.104403275986094
226.953,-0.00015069237377821803,19.96819404225721
227.2035,-0.00013631066049447373,19.94491951718471
227.454,-0.00010666956319973315,19.97026372229677
227.7045,-6.804208782933618e-5,20.01723855664839
227.955,-2.1349489288303818e-5,20.07042897744683
228.2055,3.243293923560486e-5,20.11117539403501
228.456,9.230966831396282e-5,20.118722602537332
228.7065,0.00016176699496129904,20.083086398113075
228.957,0.0002875088094319385,20.050055029928394
229.2075,0.0005141067133282972,19.98305824837779
229.458,0.0008399996074204498,19.868223274616398
229.7085,0.0012360270241650333,19.78678726723738
229.959,0.0016586717061915358,19.821299468653393
230.2095,0.00208623406940922,19.978334063093275
230.46,0.0024762654404008374,20.175424018689178
230.7105,0.002803012530729789,20.357714395276464
230.961,0.0030810648722074782,20.58058512167802
231.2115,0.003330246927948466,20.93457058315183
231.462,0.003545104754065202,21.45521888603936
231.7125,0.0037039377800186777,22.119405020465557
231.963,0.0037720925763057777,22.83070416080249
232.2135,0.0037428976520363757,23.558043078180468
232.464,0.00364176963102078,24.34670533019132
232.7145,0.003507645302980279,25.291380793804223
232.965,0.0033403467222266115,26.397071403732863
233.2155,0.0031175405871886816,27.526129407938225
233.466,0.00287563229537594,28.47204053436026
233.7165,0.0026382908574728373,29.152130002485613
233.967,0.002381923184254393,29.6470604762466
234.2175,0.0021124280880699528,30.112511444206152
234.468,0.001882094273785057,30.513918216670938
234.7185,0.0017343982133267667,30.72887737906238
234.969,0.0016569906706322066,30.664716598961633
235.2195,0.0015862912921524093,30.41126169373921
235.47,0.001487594556710951,30.084153645357212
235.7205,0.0013631555457823985,29.69518442661943
235.971,0.0012208369130411604,29.241261898526894
236.2215,0.0010822665457063416,28.678613148486658
236.472,0.0009430892829331805,28.033184481280344
236.7225,0.0007961951506966309,27.353976804688315
236.973,0.0006735892483584503,26.71956446076695
237.2235,0.0006076013106621806,26.17411052985052
237.474,0.0006335017266406418,25.647955190850944
237.7245,0.0007503172205205647,25.08602170754869
237.975,0.0009162501738246335,24.43546873314764
238.2255,0.001080674034497534,23.77074010161649
238.476,0.0012302994237464566,23.115515121634076
238.7265,0.0013600236600949743,22.46927722173549
238.977,0.001472634335510877,21.812807608724086
239.2275,0.0015851875291444453,21.089180922479592
239.478,0.0016994240357233901,20.278559450483662
239.7285,0.0018007619513512384,19.419196242014284
239.979,0.0018829041184988398,18.604483316318024
240.2295,0.001952708871199949,17.76980545104537
240.48,0.002014789768900205,16.856865192769785
240.7305,0.0020618576596090578,15.884710320246809
240.981,0.002068118282801747,14.933263635895495
241.2315,0.002028996351837079,14.030659857678978
241.482,0.0019467109210192439,13.188694135298316
241.7325,0.0018248485407094642,12.41684661959838
241.983,0.0016689692245172728,11.723233404868896
242.2335,0.0015281147161009469,11.145317594943327
242.484,0.001459437498987635,10.716344251535984
242.7345,0.0014602735719795317,10.47226442012768
242.985,0.0014864183217381931,10.410614780952267
243.2355,0.001528220100984837,10.391642566438964
243.486,0.0015839510705331291,10.386181902104655
243.7365,0.0016233908828967515,10.456829545103194
243.987,0.0016316851019252242,10.624722477603765
244.2375,0.0016119690349658481,10.857813832361732
244.488,0.00159207514825393,11.052638319222158
244.7385,0.0015875312145178118,11.133196195519396
244.989,0.001593820821478881,11.082572411209235
245.2395,0.0015760635986250687,11.018787596538749
245.49,0.001519256724786208,10.950817832583004
245.7405,0.001425340643152026,10.853949847796626
245.991,0.0012971890835673477,10.723951989143401
246.2415,0.001155763433117006,10.514236719422096
246.492,0.0010249469256726177,10.195542873594595
246.7425,0.0009192313447184577,9.938288479532437
246.993,0.0008644371512212322,9.909574006006245
247.2435,0.0008567871681578114,10.152199475848352
247.494,0.0008628624470104219,10.59078073217527
247.7445,0.0008938689822255491,11.127618288805273
247.995,0.0010242896052221212,11.890375334638236
248.2455,0.0012575038113507438,12.970745941896112
248.496,0.001529563384320907,14.390298367882153
248.7465,0.0017681214695487541,15.971555687013778
248.997,0.0019508520923926106,17.60542734281306
249.2475,0.0020835681767316363,19.291306612735518
249.498,0.002187996969905987,21.05306398950429
249.7485,0.002270527946075609,22.888294409387015
249.999,0.0023138871286539197,24.7231865080651
250.2495,0.002297759787193504,26.453951148232548
250.5,0.002247009267262175,28.020087222132396
